AREA,PERIMETER,MAJOR_AXIS,MINOR_AXIS,SOLIDITY,ROUNDNESS,COMPACTNESS,class
422163,2378.908,837.8484,645.6693,0.9947,0.9374,0.875,1
338136,2085.144,723.8198,595.2073,0.9974,0.9773,0.9065,1
526843,2647.394,940.7379,715.3638,0.9962,0.9446,0.8706,1
416063,2351.21,827.9804,645.2988,0.9948,0.9458,0.8791,1
347562,2160.354,763.9877,582.8359,0.9908,0.9358,0.8707,1
408953,2326.6931,840.1821,622.0076,0.9974,0.9493,0.8589,1
451414,2457.208,889.3253,652.4316,0.997,0.9395,0.8525,1
382636,2275.7791,808.0833,609.2819,0.9931,0.9284,0.8638,1
546063,2714.948,916.3737,766.4536,0.9882,0.931,0.9099,1
420044,2391.123,836.928,645.1822,0.9918,0.9232,0.8738,1
364495,2216.49,790.9014,590.7698,0.9949,0.9323,0.8613,1
404243,2345.5349,823.7634,628.8527,0.9921,0.9234,0.8709,1
407789,2308.4099,788.727,664.5451,0.9958,0.9617,0.9136,1
340451,2098.1631,724.4111,600.3284,0.9971,0.9718,0.9089,1
467092,2514.2429,895.3616,669.6182,0.9946,0.9285,0.8613,1
386374,2265.666,826.3535,597.2911,0.9968,0.9459,0.8488,1
413069,2350.4109,821.2114,645.8047,0.9917,0.9396,0.8831,1
396792,2291.0701,790.0845,644.6891,0.9967,0.9499,0.8996,1
358545,2199.5081,775.7432,593.731,0.9911,0.9313,0.871,1
397744,2337.2251,869.5142,583.949,0.9947,0.915,0.8184,1
398901,2299.335,812.7031,628.3113,0.9965,0.9481,0.8769,1
342155,2151.896,760.6585,575.3604,0.9904,0.9285,0.8677,1
408220,2317.6689,769.1027,681.1285,0.9927,0.955,0.9374,1
306560,2015.198,715.4261,547.121,0.9952,0.9486,0.8733,1
354590,2181.739,772.2312,587.454,0.9954,0.9361,0.8701,1
381508,2239.7891,734.2203,666.2502,0.9919,0.9557,0.9492,1
356022,2170.3101,756.3358,603.8934,0.9942,0.9498,0.8902,1
394859,2315.978,863.4825,583.743,0.9969,0.9251,0.8212,1
389859,2265.5581,804.163,619.6666,0.9967,0.9545,0.8761,1
342514,2154.021,764.3176,573.2928,0.9912,0.9277,0.864,1
414954,2325.3181,774.8641,684.9321,0.9941,0.9644,0.9381,1
314313,2040.285,728.9534,550.9473,0.9943,0.9488,0.8678,1
347694,2187.4561,791.2161,563.1738,0.9898,0.9131,0.8409,1
423905,2363.958,836.8923,646.8287,0.9969,0.9532,0.8778,1
445381,2407.5071,807.8385,705.3541,0.9964,0.9656,0.9322,1
409607,2351.354,835.5469,627.9048,0.9912,0.931,0.8643,1
419554,2354.084,832.2401,643.96,0.996,0.9514,0.8782,1
426810,2389.9141,836.486,655.8799,0.9939,0.939,0.8813,1
443805,2390.481,797.2593,710.5616,0.9973,0.976,0.9429,1
402279,2295.863,798.9365,643.2753,0.9936,0.9591,0.8958,1
426661,2412.625,845.353,645.3922,0.9891,0.9211,0.8719,1
439197,2437.428,829.2604,677.1343,0.9893,0.929,0.9018,1
442845,2422.366,836.9063,677.0573,0.9941,0.9484,0.8972,1
424225,2391.501,838.0681,650.075,0.9946,0.9321,0.8769,1
416064,2359.616,818.8146,650.6287,0.9924,0.939,0.8889,1
453074,2464.8979,855.7032,681.0208,0.9948,0.9371,0.8876,1
409032,2313.9509,804.1159,650.1132,0.9947,0.96,0.8975,1
429203,2362.936,831.4949,658.4715,0.9971,0.966,0.8891,1
453763,2476.709,851.0314,684.578,0.9909,0.9296,0.8931,1
353766,2150.718,720.5316,629.297,0.9936,0.9611,0.9315,1
288730,1997.627,740.3677,497.8095,0.9891,0.9092,0.8189,1
411542,2339.4231,814.2525,646.2658,0.9925,0.9449,0.889,1
383504,2288.917,784.1191,626.8956,0.9907,0.9199,0.8912,1
430176,2396.55,865.903,637.2376,0.9974,0.9412,0.8547,1
438436,2417.197,860.3224,652.1378,0.997,0.943,0.8685,1
497802,2561.291,907.5524,701.4491,0.9957,0.9536,0.8772,1
454917,2485.562,869.7584,672.0792,0.9927,0.9253,0.875,1
392588,2274.2759,803.3082,625.8399,0.9973,0.9538,0.8801,1
384232,2263.4819,787.2324,624.8104,0.9914,0.9424,0.8885,1
294273,2004.96,735.2715,510.9962,0.9922,0.9199,0.8325,1
445290,2435.3889,857.8929,663.8074,0.994,0.9434,0.8777,1
375936,2255.8411,817.8654,589.0416,0.9945,0.9283,0.8459,1
439650,2447.7371,890.0155,635.1306,0.9926,0.9221,0.8406,1
433338,2423.301,836.3414,664.9469,0.9932,0.9273,0.8881,1
500669,2580.3069,913.3773,702.0745,0.9948,0.945,0.8741,1
230122,1804.354,649.0608,454.532,0.9883,0.8882,0.834,2
231946,1800.8101,678.9835,436.4881,0.9922,0.8988,0.8004,2
218006,1754.282,671.6726,414.585,0.993,0.8902,0.7844,2
272074,2031.781,778.5798,446.9384,0.9823,0.8282,0.756,2
222790,1766.324,651.6551,436.6493,0.9932,0.8974,0.8173,2
332286,2287.0071,875.3194,485.2886,0.9807,0.7983,0.7431,2
265701,1968.802,746.8929,454.7724,0.992,0.8614,0.7787,2
213610,1742.515,644.6515,422.7329,0.9896,0.8841,0.809,2
267823,1988.671,781.2097,441.0466,0.9915,0.851,0.7475,2
235942,1893.777,744.0038,404.7032,0.9831,0.8267,0.7367,2
261890,2027.2321,697.621,482.5237,0.9751,0.8008,0.8277,2
285100,2053.1699,791.5107,463.6347,0.9897,0.8499,0.7612,2
326556,2313.791,856.9423,487.3175,0.9792,0.7665,0.7525,2
225074,1813.77,695.2525,413.8533,0.9921,0.8597,0.77,2
217486,1759.136,628.9557,442.0542,0.9899,0.8832,0.8367,2
277321,2136.825,687.59,517.3867,0.976,0.7632,0.8642,2
270195,2019.839,773.6254,446.5426,0.9838,0.8322,0.7582,2
218442,1739.191,643.4506,434.7849,0.9927,0.9075,0.8196,2
271398,1965.458,750.8526,461.674,0.9942,0.8829,0.7829,2
253276,1961.04,740.2677,437.3487,0.9822,0.8276,0.7671,2
215340,1741.5811,656.6985,418.8187,0.9936,0.8922,0.7974,2
248661,1888.577,679.4809,468.2696,0.9825,0.8761,0.8281,2
161461,1519.229,583.6688,352.6311,0.994,0.8791,0.7768,2
270495,1909.204,680.4979,506.7375,0.993,0.9325,0.8624,2
192966,1718.127,656.2819,433.3523,0.909,0.8214,0.7553,2
254070,1919.738,730.9252,445.2328,0.9926,0.8663,0.7781,2
206921,1741.754,675.7445,392.1072,0.9924,0.8571,0.7596,2
180508,1600.713,607.4841,379.2685,0.9938,0.8853,0.7892,2
296944,2109.8491,796.0836,475.9379,0.9871,0.8383,0.7724,2
163130,1535.853,603.0044,345.0351,0.9946,0.869,0.7558,2
232841,1773.947,622.0897,477.5462,0.9935,0.9298,0.8752,2
247112,1885.546,694.2448,455.8577,0.9899,0.8734,0.808,2
246014,1883.0909,703.1213,448.6442,0.9893,0.8718,0.796,2
245029,1868.936,686.7975,455.5268,0.9857,0.8815,0.8133,2
210311,1798.92,671.3657,443.1094,0.919,0.8167,0.7708,2
154570,1469.786,535.559,368.1646,0.9913,0.8991,0.8283,2
260999,1924.509,670.0057,499.8724,0.9813,0.8855,0.8604,2
212744,1720.303,628.2148,432.3847,0.9918,0.9034,0.8285,2
261085,1933.101,729.5468,458.4311,0.9909,0.878,0.7903,2
219065,1769.278,677.1313,414.3256,0.9937,0.8794,0.78,2
179780,1605.504,588.5084,390.5041,0.989,0.8765,0.813,2
169573,1548.983,594.8965,364.4516,0.9932,0.8881,0.7811,2
236515,1795.649,604.2608,502.4642,0.9923,0.9218,0.9082,2
248928,1888.111,719.0459,443.0684,0.9906,0.8775,0.783,2
233279,1812.4,649.0758,459.3955,0.9865,0.8924,0.8396,2
226401,1787.076,679.6693,425.3827,0.9934,0.8908,0.7899,2
246558,1865.2419,664.2224,475.3474,0.9865,0.8906,0.8435,2
318444,2127.3269,805.9418,504.5724,0.9938,0.8842,0.7901,2
248660,1877.7,696.1558,456.765,0.9922,0.8863,0.8083,2
300532,2084.9929,782.9263,492.0452,0.9832,0.8687,0.7901,2
239253,1839.9301,670.9352,455.55,0.9887,0.8881,0.8226,2
190722,1769.671,664.2511,418.4305,0.8928,0.7653,0.7419,2
197484,1709.35,648.6502,391.0428,0.989,0.8493,0.7731,2
242874,1843.916,647.9982,479.8817,0.9906,0.8977,0.8582,2
338670,2195.106,792.2873,546.0946,0.9893,0.8832,0.8288,2
205893,1693.483,615.3438,428.3036,0.9902,0.9022,0.8321,2
246430,1910.897,732.1472,431.656,0.9843,0.8481,0.7651,2
189127,1660.097,621.9744,389.451,0.9843,0.8624,0.789,2
254321,1869.425,665.5273,489.1867,0.9899,0.9145,0.855,2
320905,2131.252,787.4969,520.4378,0.9918,0.8878,0.8117,2
237021,1826.079,661.274,457.4288,0.9936,0.8932,0.8307,2
320180,2153.5339,781.1882,525.6301,0.9852,0.8676,0.8173,2
237074,1827.438,676.1337,447.9627,0.9919,0.8921,0.8126,2
212851,1826.406,675.8557,453.7003,0.8987,0.8018,0.7703,2
253677,1859.243,666.5269,486.7168,0.9924,0.9222,0.8527,2
211558,1743.938,657.1328,413.1603,0.992,0.8741,0.7898,2
351733,2261.1001,840.3734,544.2642,0.9787,0.8645,0.7963,2
226442,1776.88,624.4857,463.8141,0.9875,0.9013,0.8598,2
274959,1959.943,718.3584,489.0562,0.9897,0.8995,0.8237,2
198410,1695.782,636.7207,398.5815,0.9875,0.867,0.7894,2
215507,1800.814,707.0419,389.2315,0.9928,0.8351,0.7409,2
209998,1728.412,619.6617,433.4965,0.9851,0.8833,0.8345,2
267943,1993.986,760.1838,451.6438,0.9863,0.8469,0.7683,2
252950,1909.678,738.9279,438.0078,0.9929,0.8716,0.768,2
220042,1758.4399,653.5543,430.2653,0.9922,0.8943,0.8099,2
202546,1698.973,605.3612,428.199,0.988,0.8818,0.8389,2
189983,1672.8831,641.0609,378.4418,0.9919,0.8531,0.7672,2
187606,1630.703,599.4528,399.2988,0.9913,0.8866,0.8153,2
214952,1758.241,655.6318,419.8517,0.9903,0.8738,0.7979,2
203607,1703.28,614.098,423.8694,0.992,0.8819,0.8291,2
220056,1726.933,618.8439,455.1255,0.9936,0.9272,0.8553,2
243520,1906.798,719.8704,431.61,0.9871,0.8417,0.7735,2
176050,1573.8521,590.4749,380.9525,0.9916,0.8931,0.8018,2
161602,1700.896,671.8093,404.6781,0.8374,0.7019,0.6752,2
196414,1653.057,605.6224,414.072,0.9885,0.9032,0.8257,2
222950,1752.439,602.6717,474.1278,0.9903,0.9123,0.8841,2
250947,1905.2841,732.446,439.0812,0.9908,0.8687,0.7717,2
239427,1875.272,708.0372,431.308,0.9881,0.8556,0.7798,2
190954,1628.9189,610.1746,399.0778,0.9937,0.9044,0.8081,2
216487,1746.856,659.9696,420.1559,0.9923,0.8915,0.7955,2
280320,2029.684,751.5424,476.7822,0.9836,0.8551,0.7949,2
191163,1695.764,641.0919,380.346,0.9865,0.8354,0.7695,2
197424,1691.033,623.2335,405.1581,0.9896,0.8676,0.8045,2
192454,1657.265,622.9678,394.7744,0.9902,0.8805,0.7946,2
212900,1740.348,651.9711,417.6589,0.9901,0.8833,0.7986,2
177803,1573.6281,605.3248,375.6269,0.9948,0.9023,0.786,2
226586,1773.175,662.9202,436.9543,0.9919,0.9056,0.8102,2
209100,1708.429,642.4437,416.5172,0.9918,0.9003,0.8032,2
138167,1370.208,498.7525,353.9258,0.9925,0.9248,0.841,3
138362,1411.187,525.3536,336.471,0.9836,0.8731,0.7989,3
160562,1514.448,570.1646,359.911,0.9913,0.8797,0.793,3
208042,1725.811,649.4158,411.8994,0.9918,0.8778,0.7925,3
143391,1416.606,544.4253,335.9414,0.9943,0.8979,0.7848,3
209723,1749.959,686.3148,390.2822,0.9928,0.8606,0.7529,3
156476,1502.326,565.1384,353.8776,0.9882,0.8712,0.7898,3
126137,1356.411,507.2314,318.8602,0.9857,0.8615,0.7901,3
143297,1440.493,559.0104,328.0878,0.9927,0.8678,0.7641,3
147389,1481.552,570.8041,332.1487,0.986,0.8438,0.7589,3
134784,1396.613,512.9982,337.8875,0.9814,0.8684,0.8075,3
145210,1424.349,535.0179,346.342,0.992,0.8994,0.8037,3
146059,1428.892,518.9333,359.8793,0.9903,0.899,0.831,3
166950,1568.7729,578.2525,372.5923,0.9879,0.8525,0.7973,3
150891,1453.5959,532.0154,363.603,0.9888,0.8974,0.8239,3
106793,1217.454,434.7454,313.3625,0.9883,0.9054,0.8482,3
190634,1662.217,625.8346,390.4694,0.9884,0.867,0.7872,3
144637,1422.494,523.191,352.5846,0.9905,0.8982,0.8202,3
129886,1365.856,519.2155,318.9104,0.9908,0.8749,0.7832,3
126292,1319.9,488.1225,330.096,0.9929,0.911,0.8215,3
136138,1404.201,530.9112,329.2051,0.988,0.8676,0.7842,3
151713,1481.229,582.5072,331.9456,0.9931,0.8689,0.7545,3
99342,1151.923,404.4212,313.0898,0.9921,0.9408,0.8794,3
73663,999.363,362.0138,259.5558,0.994,0.9269,0.846,3
143668,1446.12,553.8131,332.1207,0.9889,0.8633,0.7723,3
63328,933.937,342.7969,235.6772,0.989,0.9124,0.8284,3
113667,1251.496,462.6203,313.1204,0.9936,0.912,0.8223,3
148679,1477.3669,565.0262,337.5208,0.9868,0.856,0.77,3
153353,1501.488,585.9454,335.2349,0.9885,0.8548,0.7541,3
123912,1294.531,470.6189,335.611,0.9946,0.9292,0.844,3
149845,1467.722,573.7374,333.2054,0.9918,0.8741,0.7613,3
144975,1426.858,535.9053,345.1051,0.9922,0.8948,0.8017,3
136538,1383.509,503.1316,347.8224,0.9861,0.8964,0.8287,3
162525,1520.96,569.8452,363.798,0.9908,0.8829,0.7983,3
129998,1385.066,511.4419,324.9084,0.9839,0.8515,0.7955,3
151554,1454.797,541.0281,357.0083,0.9941,0.8999,0.8119,3
168314,1634.188,611.652,396.3839,0.8996,0.792,0.7569,3
168126,1581.353,611.1715,369.9803,0.9631,0.8449,0.757,3
169280,1586.569,589.5577,367.1072,0.984,0.8451,0.7875,3
145165,1466.083,557.8549,332.8617,0.9873,0.8487,0.7707,3
148181,1486.942,548.4078,345.0912,0.9836,0.8422,0.792,3
178137,1613.375,611.778,371.4034,0.9873,0.86,0.7785,3
65590,1039.924,372.3486,279.8673,0.8366,0.7622,0.7761,3
136159,1393.309,518.6189,335.3107,0.9861,0.8814,0.8028,3
207698,1792.785,677.1498,416.9406,0.9484,0.8121,0.7594,3
138061,1397.4399,533.3875,330.7272,0.9927,0.8884,0.786,3
172108,1570.163,586.244,376.8531,0.9895,0.8772,0.7985,3
137932,1404.546,524.6572,335.7947,0.987,0.8786,0.7988,3
207029,1765.353,704.8253,375.3293,0.9929,0.8348,0.7284,3
151596,1499.804,576.5701,335.9818,0.989,0.8469,0.762,3
127056,1364.663,500.5718,325.939,0.9852,0.8573,0.8035,3
138262,1403.356,542.065,326.1642,0.9935,0.8822,0.774,3
138766,1392.42,520.9381,340.4706,0.9918,0.8994,0.8069,3
153752,1497.799,560.4558,353.3676,0.9892,0.8612,0.7894,3
158096,1524.178,572.8527,353.2698,0.9898,0.8552,0.7832,3
143261,1423.744,529.3361,348.0392,0.9917,0.8881,0.8068,3
146827,1447.351,558.1056,335.986,0.9919,0.8808,0.7747,3
158924,1497.396,549.2912,370.9325,0.9886,0.8907,0.8189,3
102215,1196.941,428.5742,304.2583,0.9858,0.8966,0.8418,3
187667,1650.6479,612.0896,393.5074,0.9859,0.8655,0.7986,3
143352,1427.5811,515.6693,354.6234,0.9865,0.8839,0.8285,3
242106,1897.218,733.3027,424.0022,0.9891,0.8452,0.7571,3
138769,1404.488,516.3408,344.0673,0.9906,0.884,0.8141,3
140276,1396.4659,515.7888,346.9041,0.9889,0.9039,0.8194,3
84406,1084.765,394.5068,273.1771,0.9899,0.9014,0.831,3
123321,1332.6071,506.1284,311.3531,0.9925,0.8727,0.7829,3
158028,1524.984,583.8958,345.9882,0.9873,0.8539,0.7682,3
152858,1488.0179,568.9197,342.9484,0.9905,0.8675,0.7754,3
80044,1059.046,378.1419,270.6614,0.9883,0.8968,0.8442,3
143446,1435.196,546.4086,335.3802,0.9896,0.8751,0.7821,3
143356,1426.459,550.8297,331.6248,0.9938,0.8853,0.7756,3
134664,1385.511,514.5657,334.5349,0.9883,0.8815,0.8047,3
153700,1453.689,524.5832,373.9211,0.991,0.914,0.8433,3
165987,1559.245,596.3097,355.5895,0.9904,0.8579,0.7709,3
142413,1438.217,527.6629,346.8893,0.9794,0.8652,0.807,3
105070,1210.703,458.1432,293.0307,0.9931,0.9008,0.7983,3
149806,1435.4399,526.9439,362.1404,0.994,0.9136,0.8288,3
116078,1265.715,452.304,327.0038,0.9907,0.9105,0.85,3
131409,1370.5649,500.5441,334.8896,0.9845,0.8791,0.8172,3
136187,1410.527,536.2725,323.7206,0.9909,0.8602,0.7765,3
163097,1527.1021,569.0895,366.1877,0.9885,0.8789,0.8008,3
219822,1819.8311,719.0757,392.0395,0.9887,0.8341,0.7357,3
164567,1487.1,534.5702,393.8198,0.9923,0.9351,0.8563,3
137347,1413.416,538.478,328.7764,0.9912,0.864,0.7766,3
86213,1096.823,384.0147,286.8239,0.9863,0.9006,0.8628,3
131633,1361.001,523.6849,320.7245,0.9946,0.893,0.7817,3
162413,1540.894,588.4892,352.1533,0.9883,0.8596,0.7727,3
152861,1474.135,548.472,356.6191,0.9832,0.884,0.8044,3
79063,1031.912,368.2993,273.6987,0.9911,0.933,0.8615,3
156886,1507.4919,592.6061,338.0879,0.993,0.8675,0.7542,3
142575,1429.6121,551.2555,331.1201,0.9896,0.8766,0.7729,3
142214,1424.568,526.2787,345.5464,0.9906,0.8806,0.8086,3
155568,1460.313,532.6481,372.7497,0.993,0.9167,0.8356,3
163093,1531.929,581.2218,358.1298,0.9904,0.8733,0.784,3
146923,1447.576,534.4625,351.8184,0.9827,0.8811,0.8092,3
103302,1190.031,440.8981,299.0482,0.9917,0.9166,0.8226,3
146017,1420.212,530.3442,350.9143,0.9947,0.9097,0.813,3
137515,1405.913,499.2482,351.661,0.9814,0.8743,0.8381,3
114987,1249.179,455.7418,321.8139,0.9915,0.926,0.8396,3
134094,1444.811,541.8755,358.6036,0.9223,0.8072,0.7625,3
166665,1540.965,583.5817,364.5487,0.9902,0.882,0.7894,3
112034,1249.8781,460.5971,310.5606,0.9903,0.9012,0.82,3
156087,1497.073,560.2502,356.9697,0.9894,0.8752,0.7957,3
102162,1191.2061,429.3986,303.5874,0.9877,0.9047,0.8399,3
151963,1477.179,551.4623,352.008,0.9918,0.8751,0.7976,3
148267,1455.217,564.1047,334.9029,0.9936,0.8798,0.7702,3
169030,1550.98,570.1261,377.9843,0.9896,0.883,0.8137,3
102142,1223.502,441.7251,296.504,0.9863,0.8574,0.8164,3
167497,1580.825,606.2756,353.0795,0.9827,0.8423,0.7617,3
182795,1646.9449,629.4767,374.9311,0.9895,0.8469,0.7664,3
165248,1592.061,612.0599,344.4518,0.9874,0.8193,0.7494,3
131994,1386.02,525.6892,320.6077,0.9887,0.8634,0.7798,3
145774,1451.353,550.7023,337.9216,0.9918,0.8696,0.7823,3
142744,1442.903,557.3111,326.9862,0.9893,0.8616,0.765,3
125081,1317.364,484.117,329.4612,0.9909,0.9057,0.8243,3
194301,1671.417,615.8516,403.3667,0.987,0.874,0.8076,3
155595,1507.019,567.617,349.976,0.9909,0.8609,0.7841,3
162925,1511.9821,564.2595,368.63,0.9937,0.8956,0.8072,3
100471,1186.373,437.8452,292.6243,0.9891,0.897,0.8169,3
112914,1257.132,471.8904,305.1801,0.9897,0.8978,0.8035,3
98903,1172.512,430.8867,292.512,0.9893,0.904,0.8236,3
167858,1528.949,581.9219,368.1325,0.9924,0.9023,0.7944,3
147204,1447.647,546.0123,343.9355,0.993,0.8827,0.7929,3
110930,1244.495,440.5929,321.4334,0.9881,0.9001,0.853,3
155520,1496.624,567.7551,349.5084,0.987,0.8725,0.7838,3
149646,1468.194,570.3056,335.8156,0.9912,0.8724,0.7654,3
154497,1491.624,579.3937,340.1177,0.9934,0.8726,0.7655,3
162849,1592.699,624.2347,333.1545,0.9847,0.8067,0.7295,3
192953,1681.762,665.5488,372.4787,0.9926,0.8573,0.7447,3
132721,1397.782,522.2059,324.7898,0.9877,0.8536,0.7872,3
144815,1432.645,530.4765,348.3135,0.9923,0.8866,0.8095,3
142955,1454.557,558.9067,326.4683,0.9876,0.8491,0.7633,3
125374,1320.2679,492.9375,324.2897,0.9935,0.9038,0.8105,3
160709,1508.494,561.2164,366.1832,0.9892,0.8875,0.806,3
204508,1704.656,612.2499,429.9135,0.9841,0.8844,0.8335,3
162728,1511.626,568.4935,365.8966,0.9932,0.8949,0.8007,3
102533,1198.348,427.9125,306.0871,0.9871,0.8972,0.8444,3
135777,1436.8719,554.0663,317.0632,0.9818,0.8264,0.7504,3
152960,1476.855,548.2127,358.0435,0.9893,0.8813,0.805,3
159858,1503.392,560.9233,364.1994,0.9875,0.8888,0.8043,3
186236,1628.151,615.6091,385.9771,0.9896,0.8828,0.791,3
158157,1510.033,591.0096,340.9958,0.9947,0.8716,0.7593,3
145733,1461.642,570.0002,326.5131,0.9898,0.8572,0.7557,3
151209,1482.381,544.0471,356.7963,0.9842,0.8647,0.8065,3
95906,1125.9041,400.1798,305.4454,0.994,0.9507,0.8732,3
170267,1617.582,614.0543,354.0693,0.983,0.8177,0.7583,3
166212,1553.136,571.5416,373.4686,0.9845,0.8659,0.8049,3
143168,1438.64,522.2192,350.9828,0.9856,0.8693,0.8176,3
199707,1711.678,663.8049,384.2429,0.9924,0.8566,0.7596,3
162404,1544.915,608.9265,340.2279,0.9935,0.8551,0.7468,3
174168,1574.934,587.6588,378.6228,0.991,0.8824,0.8013,3
143409,1442.124,532.1603,345.7256,0.9857,0.8665,0.803,3
96664,1145.434,419.3492,293.6552,0.9938,0.9258,0.8366,3
151173,1433.1801,493.1908,390.8281,0.9886,0.9249,0.8896,3
150399,1482.847,570.9537,336.8778,0.9878,0.8595,0.7664,3
163973,1515.802,542.8138,386.6868,0.9848,0.8968,0.8418,3
107981,1239.067,447.3554,308.2379,0.9899,0.8838,0.8289,3
180788,1605.7841,604.344,381.6076,0.9922,0.8811,0.7939,3
137914,1475.6281,570.014,311.584,0.9835,0.7959,0.7351,3
148517,1463.246,549.3091,346.6294,0.9918,0.8717,0.7916,3
179732,1645.203,647.8385,354.4339,0.9898,0.8344,0.7384,3
169147,1569.068,587.965,367.5672,0.9923,0.8634,0.7893,3
153048,1523.577,607.1192,321.9273,0.9922,0.8285,0.7271,3
154245,1503.598,546.4366,361.8018,0.9883,0.8573,0.811,3
144207,1455.647,561.3004,328.1891,0.9906,0.8552,0.7634,3
172379,1647.4351,621.3907,354.2521,0.9804,0.7981,0.7539,3
112819,1255.413,476.7512,301.7341,0.9933,0.8995,0.795,3
201551,1724.1591,673.0964,382.4955,0.9917,0.852,0.7526,3
143957,1452.262,523.1368,352.3305,0.9844,0.8577,0.8184,3
156030,1566.979,595.6793,384.2388,0.9118,0.7985,0.7482,3
175894,1587.17,591.8867,379.7294,0.9932,0.8774,0.7995,3
167208,1579.176,604.1566,353.461,0.9907,0.8426,0.7637,3
101772,1190.234,437.8928,296.5733,0.9921,0.9028,0.8221,3
145435,1468.962,529.6494,351.6841,0.9834,0.8469,0.8125,3
146017,1440.998,536.7607,346.9765,0.9883,0.8837,0.8033,3
163469,1513.738,536.2514,391.1683,0.9853,0.8965,0.8508,3
159802,1530.787,564.7152,362.0923,0.992,0.857,0.7988,3
109175,1236.871,438.3364,317.6122,0.991,0.8968,0.8506,3
175680,1575.722,595.6695,376.3405,0.9924,0.8891,0.794,3
132384,1351.8929,480.408,352.3761,0.991,0.9103,0.8546,3
132872,1375.502,525.5175,322.7784,0.9906,0.8825,0.7827,3
100547,1172.319,418.8293,306.666,0.9895,0.9194,0.8543,3
121786,1302.6949,484.1827,321.4019,0.9919,0.9018,0.8133,3
155766,1501.9449,568.3051,351.1553,0.9876,0.8677,0.7836,3
77054,1010.373,358.0397,274.449,0.993,0.9485,0.8748,3
139996,1425.17,537.9441,333.2377,0.9928,0.8661,0.7848,3
156391,1521.604,569.9616,352.0856,0.9887,0.8488,0.7829,3
146521,1461.604,551.5557,340.1752,0.986,0.8619,0.7831,3
117648,1276.293,471.5745,318.4257,0.9931,0.9076,0.8207,3
60039,911.828,336.7227,228.1414,0.989,0.9074,0.8211,3
129066,1361.24,477.3502,345.5285,0.9846,0.8753,0.8492,3
154464,1463.5551,544.9724,361.5594,0.9944,0.9062,0.8138,3
137472,1386.525,511.1523,343.4671,0.9922,0.8986,0.8185,3
142394,1410.396,510.8343,357.1331,0.9844,0.8995,0.8335,3
129848,1379.568,509.356,325.7892,0.9846,0.8574,0.7983,3
154111,1503.441,574.9857,341.8783,0.9861,0.8568,0.7704,3
150802,1466.821,553.0468,347.8298,0.9924,0.8808,0.7923,3
174388,1591.974,603.1065,370.933,0.9887,0.8647,0.7813,3
169788,1561.29,587.5886,369.6528,0.9877,0.8753,0.7913,3
150870,1445.879,537.6102,358.1697,0.9904,0.9069,0.8152,3
191640,1645.98,612.0375,401.4839,0.991,0.8889,0.8071,3
146398,1445.1949,542.8766,344.2591,0.989,0.8808,0.7953,3
79187,1047.858,375.3784,269.2061,0.9885,0.9063,0.8459,3
161855,1551.741,606.4048,341.1171,0.992,0.8447,0.7486,3
491606,2525.6931,836.6254,750.6882,0.9952,0.9684,0.9457,4
399815,2296.231,776.2232,658.5235,0.9924,0.9529,0.9192,4
440427,2391.845,843.0915,665.4988,0.9967,0.9674,0.8882,4
429538,2421.332,871.1118,631.9023,0.9934,0.9207,0.8489,4
346264,2140.3511,744.2978,594.7831,0.9927,0.9498,0.8921,4
493734,2577.707,919.6757,685.0148,0.9937,0.9338,0.8621,4
375285,2207.188,713.9926,670.2208,0.9939,0.968,0.9681,4
419416,2340.7871,788.3764,678.8032,0.996,0.9619,0.9269,4
414712,2341.458,808.0315,654.973,0.9955,0.9506,0.8993,4
411273,2358.1951,816.6152,645.5682,0.9889,0.9294,0.8861,4
406496,2334.2209,789.4069,657.9015,0.991,0.9375,0.9113,4
349532,2150.8059,713.5856,628.6521,0.99,0.9495,0.9349,4
478829,2532.502,908.7795,672.8215,0.9943,0.9382,0.8592,4
430333,2436.938,857.5512,644.8464,0.9943,0.9106,0.8632,4
348500,2259.1169,759.3678,587.2372,0.9801,0.8581,0.8772,4
423897,2372.627,821.549,658.8868,0.9936,0.9463,0.8942,4
457240,2482.696,829.8366,706.9037,0.9905,0.9322,0.9195,4
391921,2245.811,734.2869,680.3229,0.9947,0.9765,0.962,4
451338,2437.7871,805.1387,718.372,0.994,0.9544,0.9415,4
412275,2337.198,804.4697,654.7202,0.994,0.9484,0.9006,4
422143,2350.7781,838.3208,641.9384,0.9964,0.9599,0.8745,4
394009,2279.7581,770.8477,654.0494,0.9945,0.9527,0.9188,4
438787,2463.532,844.3537,663.4427,0.9891,0.9085,0.8852,4
448744,2443.4241,870.9563,658.7799,0.995,0.9445,0.8679,4
447450,2453.7939,846.2984,678.1676,0.995,0.9339,0.8919,4
411322,2337.2439,813.8591,643.9749,0.9954,0.9462,0.8892,4
436325,2413.9519,818.495,683.0888,0.9923,0.9409,0.9106,4
411293,2337.731,826.503,635.2358,0.994,0.9457,0.8756,4
445077,2421.2759,806.3325,708.2914,0.9927,0.954,0.9336,4
411708,2318.344,805.4811,652.9468,0.9965,0.9626,0.8989,4
384507,2233.978,755.8359,649.9842,0.9964,0.9682,0.9257,4
446609,2496.418,851.7825,671.7365,0.99,0.9005,0.8853,4
469185,2486.4851,888.2744,674.7036,0.9962,0.9536,0.8701,4
447729,2454.4851,825.5548,695.3279,0.991,0.9339,0.9146,4
408254,2345.2939,803.289,647.9013,0.994,0.9327,0.8975,4
439268,2470.478,824.1238,683.5867,0.9888,0.9044,0.9075,4
472349,2494.425,865.7357,696.8496,0.9942,0.954,0.8958,4
446318,2426.532,849.0756,672.7661,0.9944,0.9525,0.8878,4
454346,2487.5029,908.6619,639.1868,0.9929,0.9227,0.837,4
449166,2454.5291,901.2678,637.0666,0.9942,0.9369,0.8391,4
449218,2453.3081,846.1549,680.5297,0.9953,0.9379,0.8938,4
478413,2551.095,953.5176,640.8135,0.9951,0.9238,0.8185,4
420085,2375.873,830.7269,646.0511,0.9952,0.9352,0.8804,4
443501,2441.2361,882.5625,641.8201,0.9949,0.9352,0.8514,4
484869,2541.9839,872.7412,714.8731,0.9956,0.943,0.9003,4
457583,2452.2009,840.6153,695.8944,0.9951,0.9562,0.908,4
443176,2396.9109,812.2444,696.6966,0.9955,0.9694,0.9248,4
481197,2549.073,878.5006,699.7644,0.9961,0.9306,0.891,4
442441,2480.033,872.0508,653.3934,0.9869,0.904,0.8607,4
454113,2503.1279,858.8807,680.7171,0.9868,0.9108,0.8853,4
503974,2596.7581,932.0193,690.7506,0.9954,0.9392,0.8595,4
425053,2407.5581,845.6929,644.9402,0.9951,0.9215,0.8699,4
447583,2447.01,866.6195,658.6447,0.9963,0.9393,0.8711,4
514745,2630.8369,899.1757,735.891,0.9928,0.9346,0.9003,4
430605,2414.2571,820.7172,676.4396,0.99,0.9284,0.9022,4
385329,2262.3159,782.571,632.79,0.9934,0.9461,0.895,4
398543,2366.3721,873.9631,592.5698,0.9799,0.8944,0.8151,4
464259,2486.0669,873.2936,680.3309,0.9944,0.9439,0.8804,4
365520,2265.8479,829.2069,567.5129,0.9919,0.8947,0.8227,4
481062,2549.1389,847.0374,724.6221,0.9911,0.9303,0.924,4
412498,2397.5879,903.157,587.2843,0.994,0.9017,0.8024,4
421470,2374.4221,824.2023,652.1113,0.9944,0.9394,0.8888,4
404150,2332.8379,832.4753,623.8899,0.9956,0.9332,0.8617,4
476205,2534.3921,879.4092,695.4839,0.9933,0.9317,0.8854,4
407629,2301.946,776.3053,672.4045,0.9962,0.9667,0.928,4
451992,2445.5029,844.5334,687.8657,0.9959,0.9497,0.8983,4
386536,2280.7981,768.471,644.8983,0.9941,0.9337,0.9129,4
435528,2430.1211,789.1514,707.8071,0.9874,0.9268,0.9436,4
441826,2486.4771,942.0581,603.129,0.9948,0.898,0.7962,4
441779,2426.1641,831.9905,678.0819,0.9937,0.9431,0.9014,4
462347,2516.8679,845.5637,697.9985,0.9819,0.9172,0.9074,4
476569,2536.7649,886.8546,689.8232,0.9955,0.9306,0.8783,4
368069,2297.5349,836.8202,572.043,0.9825,0.8762,0.8181,5
349184,2214.7261,792.7963,600.6845,0.9538,0.8946,0.841,5
368900,2398.188,855.3609,560.061,0.981,0.806,0.8012,5
355024,2242.1531,795.743,573.1878,0.9842,0.8874,0.8449,5
350266,2210.168,751.1333,602.6666,0.9844,0.9011,0.8891,5
398202,2425.731,872.2453,597.3273,0.9734,0.8504,0.8163,5
418931,2416.0901,881.6053,607.8824,0.9932,0.9018,0.8284,5
443133,2517.0769,874.5991,653.3885,0.9801,0.8789,0.8588,5
423624,2498.9399,876.5175,627.7153,0.9791,0.8525,0.8379,5
458286,2531.311,883.0855,664.6406,0.9839,0.8988,0.865,5
370044,2360.1101,782.888,614.0868,0.9689,0.8348,0.8768,5
434469,2485.9231,889.1929,623.58,0.9897,0.8835,0.8364,5
371120,2364.0029,796.3392,601.9151,0.9839,0.8345,0.8632,5
348865,2253.7971,790.249,567.2316,0.9845,0.8631,0.8434,5
428711,2570.7129,815.3513,679.2316,0.9745,0.8152,0.9061,5
426871,2497.0759,886.3205,618.4668,0.987,0.8603,0.8318,5
379870,2419.293,828.3665,595.388,0.975,0.8156,0.8396,5
424512,2477.283,853.4615,642.9758,0.9893,0.8693,0.8614,5
386254,2373.4509,810.4177,614.5104,0.9792,0.8616,0.8653,5
380218,2409.468,819.8986,607.0649,0.9795,0.823,0.8486,5
318076,2122.4241,744.774,547.181,0.9859,0.8873,0.8545,5
376202,2367.498,825.6102,585.3541,0.9804,0.8434,0.8383,5
384740,2328.2771,761.6957,647.8665,0.9845,0.8919,0.9189,5
439841,2570.469,943.8856,599.791,0.9888,0.8365,0.7928,5
360009,2364.8181,837.6556,555.9177,0.9734,0.809,0.8083,5
294328,2113.1379,707.908,578.8624,0.9402,0.8283,0.8648,5
282314,2022.266,717.5192,504.457,0.9861,0.8675,0.8356,5
355208,2384.4971,797.2854,578.7468,0.961,0.7851,0.8435,5
402655,2460.917,893.8253,578.3685,0.9863,0.8355,0.8011,5
380874,2389.124,854.1578,570.7399,0.9867,0.8385,0.8153,5
280204,2147.4031,782.5893,461.9426,0.9705,0.7636,0.7632,5
442937,2627.9509,862.5596,659.603,0.9824,0.806,0.8706,5
415763,2426.729,843.814,633.7881,0.9838,0.8872,0.8622,5
420744,2434.3379,865.7617,620.3712,0.9886,0.8922,0.8454,5
321282,2090.699,681.3436,604.7192,0.9914,0.9237,0.9387,5
453626,2537.668,937.6924,622.2681,0.9933,0.8852,0.8105,5
365294,2242.248,755.7875,618.311,0.9868,0.913,0.9024,5
419063,2463.595,857.5016,628.4494,0.9867,0.8677,0.8518,5
293332,2079.7439,706.2109,545.302,0.9547,0.8522,0.8654,5
379699,2315.4099,826.4971,588.5672,0.9879,0.89,0.8413,5
404623,2452.6919,830.7855,626.1453,0.9849,0.8452,0.864,5
310342,2140.4629,713.5881,578.9772,0.9514,0.8512,0.8809,5
403834,2447.0029,893.8555,585.3982,0.9868,0.8475,0.8022,5
401353,2489.5581,884.2215,593.9569,0.9381,0.8138,0.8085,5
360876,2298.8279,808.2624,573.2375,0.9836,0.8581,0.8387,5
394103,2499.8979,820.2778,617.9729,0.9759,0.7925,0.8636,5
379405,2400.584,823.7263,595.5487,0.9739,0.8273,0.8438,5
375310,2402.406,802.1452,604.5172,0.9686,0.8172,0.8618,5
339989,2231.875,785.7068,559.6172,0.9813,0.8577,0.8374,5
385428,2473.9919,859.162,580.8442,0.9712,0.7913,0.8154,5
354782,2409.512,795.9382,578.1101,0.966,0.7679,0.8444,5
394814,2429.5791,867.8884,588.9705,0.9729,0.8405,0.8169,5
414065,2406.9331,802.006,662.986,0.9866,0.8982,0.9053,5
373187,2441.991,852.2258,570.3242,0.9681,0.7864,0.8088,5
423852,2424.627,826.4653,654.4321,0.9919,0.906,0.8889,5
419805,2507.5659,862.3845,623.2335,0.9769,0.839,0.8478,5
378359,2342.5061,849.3478,569.2149,0.9896,0.8665,0.8172,5
346463,2190.554,786.7602,561.9791,0.9917,0.9073,0.8442,5
382056,2398.884,836.171,590.8513,0.9677,0.8343,0.8341,5
360205,2229.2061,774.3602,594.9182,0.9871,0.9109,0.8746,5
360221,2301.4319,799.5422,581.7543,0.9738,0.8546,0.847,5
392670,2426.929,839.151,608.4485,0.9609,0.8378,0.8426,5
315427,2116.438,756.3036,543.8585,0.9873,0.8849,0.8379,5
334154,2186.3491,785.2363,545.4142,0.985,0.8785,0.8307,5
388051,2365.0149,849.6564,591.2424,0.9818,0.8718,0.8273,5
368211,2236.3711,767.4142,615.9827,0.9878,0.9252,0.8922,5
352881,2314.887,873.1453,520.1225,0.9741,0.8275,0.7677,5
351971,2196.5869,783.0325,579.0363,0.9885,0.9167,0.8549,5
412916,2413.863,833.7471,640.3206,0.978,0.8905,0.8697,5
402258,2529.0601,879.1948,598.7283,0.976,0.7903,0.814,5
346126,2236.075,796.4923,555.0388,0.9866,0.8699,0.8335,5
380495,2354.437,805.2894,606.553,0.9805,0.8626,0.8643,5
405536,2434.855,883.4255,593.9301,0.9785,0.8596,0.8134,5
374069,2316.5759,843.6231,568.7056,0.9816,0.8759,0.8181,5
409026,2374.2561,841.9844,627.4827,0.9882,0.9118,0.8571,5
359018,2276.5271,819.6603,571.9311,0.9819,0.8705,0.8249,5
395127,2354.0039,829.4393,613.8098,0.9819,0.896,0.8551,5
368512,2294.5259,786.4102,602.9735,0.9862,0.8796,0.871,5
410233,2402.864,834.9078,633.4919,0.9866,0.8929,0.8656,5
385907,2330.0549,824.371,600.6796,0.9881,0.8932,0.8503,5
417314,2439.98,834.7051,644.6805,0.9891,0.8808,0.8733,5
379703,2327.3159,808.626,603.513,0.9815,0.8809,0.8599,5
377612,2362.448,829.2473,589.1064,0.9792,0.8502,0.8362,5
316184,2170.9709,770.8669,546.0904,0.9617,0.843,0.8231,5
398448,2435.2981,873.0358,590.1165,0.9832,0.8443,0.8158,5
365350,2262.248,826.7336,569.2995,0.9837,0.8971,0.825,5
353219,2326.47,821.9995,558.0138,0.9693,0.8201,0.8158,5
379002,2529.803,860.1957,573.9624,0.9661,0.7442,0.8076,5
350929,2255.021,783.9074,580.9299,0.9662,0.8672,0.8527,5
349240,2243.5029,775.2019,584.65,0.9857,0.8719,0.8602,5
389395,2408.4829,892.5831,560.5852,0.9766,0.8436,0.7889,5
442588,2718.394,849.6819,672.2542,0.9619,0.7526,0.8835,5
417895,2456.103,855.4005,632.3137,0.9839,0.8705,0.8527,5
419639,2478.1851,915.9321,587.1704,0.9822,0.8587,0.798,5
382799,2370.5449,868.9788,572.6002,0.9871,0.856,0.8034,5
343845,2197.675,774.8041,569.8189,0.9863,0.8946,0.854,5
387499,2453.094,849.3842,590.2296,0.9719,0.8092,0.827,5
419881,2440.189,843.5652,645.4122,0.9893,0.8861,0.8668,5
376183,2327.835,823.8969,589.002,0.9747,0.8724,0.84,5
436352,2633.251,863.0063,650.1967,0.9783,0.7908,0.8637,5
343814,2231.1201,786.3395,563.5261,0.9808,0.8679,0.8414,5
435003,2521.8469,870.0806,647.3481,0.9744,0.8595,0.8553,5
345078,2204.9231,787.3609,566.3853,0.989,0.8919,0.8419,5
362850,2295.7791,802.9214,584.5999,0.9774,0.8651,0.8465,5
412688,2640.7351,924.9248,576.3412,0.9723,0.7437,0.7837,5
399876,2377.1899,821.8986,628.6398,0.9912,0.8892,0.8682,5
402063,2547.897,884.2006,606.6811,0.9373,0.7783,0.8092,5
389064,2342.3311,826.6586,603.5352,0.9913,0.8911,0.8514,5
420809,2512.29,828.7861,656.6302,0.9794,0.8378,0.8832,5
335782,2171.8191,784.9254,548.2628,0.9916,0.8946,0.833,5
425374,2466.8701,847.059,647.6719,0.9838,0.8784,0.8688,5
391106,2369.116,856.8085,587.2197,0.9842,0.8757,0.8236,5
344013,2195.156,823.1342,534.9045,0.9897,0.8971,0.804,5
426615,2450.561,799.2291,691.8159,0.987,0.8927,0.9222,5
345938,2256.375,828.0157,536.2778,0.9843,0.8539,0.8015,5
403486,2348.0891,834.4036,620.4424,0.9901,0.9196,0.859,5
445394,2482.9741,880.809,647.2557,0.9897,0.9078,0.855,5
410745,2438.5959,904.5048,583.305,0.9883,0.868,0.7995,5
473650,2597.4441,891.0983,685.71,0.9874,0.8822,0.8715,5
294001,2074.262,732.5558,526.1931,0.9767,0.8587,0.8352,5
420057,2443.8411,836.4046,648.322,0.9789,0.8838,0.8744,5
397581,2408.3799,833.4241,612.3292,0.983,0.8614,0.8537,5
359037,2249.9441,783.8896,614.4819,0.9604,0.8913,0.8625,5
337806,2227.0901,814.9735,542.2561,0.9682,0.8559,0.8047,5
413120,2426.52,824.3616,645.8687,0.9823,0.8817,0.8798,5
418304,2393.2261,819.7679,666.4039,0.9788,0.9178,0.8902,5
443091,2540.2661,900.9417,635.8699,0.9861,0.8629,0.8337,5
474303,2567.4089,904.8582,670.7078,0.9922,0.9042,0.8588,5
438566,2547.54,911.9298,620.2306,0.978,0.8492,0.8194,5
306838,2083.2939,735.817,538.9604,0.9843,0.8884,0.8495,5
443310,2505.5481,847.0129,674.6112,0.9814,0.8874,0.887,5
404061,2413.9541,881.0171,591.0157,0.9876,0.8714,0.8141,5
363000,2213.5681,758.2262,614.7969,0.9899,0.931,0.8966,5
338672,2246.271,810.6025,546.3474,0.9685,0.8435,0.8101,5
409795,2455.8789,846.9769,626.7124,0.9774,0.8538,0.8528,5
415137,2366.7019,817.0651,652.5554,0.992,0.9314,0.8898,5
412809,2519.761,907.7038,591.211,0.982,0.817,0.7987,5
476879,2615.5859,920.805,661.1169,0.9872,0.876,0.8462,5
421712,2499.386,881.3112,620.4713,0.9828,0.8483,0.8314,5
306429,2104.136,748.6997,527.6392,0.9861,0.8697,0.8343,5
485302,2644.2271,935.4223,666.793,0.9841,0.8722,0.8403,5
407286,2448.384,870.6734,604.8426,0.9837,0.8538,0.8271,5
365333,2322.74,856.04,548.2668,0.984,0.8509,0.7967,5
322070,2190.1379,794.1199,526.4727,0.9845,0.8438,0.8064,5
391145,2403.439,886.7218,564.2692,0.9809,0.8509,0.7959,5
393597,2314.4861,786.859,640.9199,0.9898,0.9233,0.8997,5
410245,2504.6201,894.1769,596.6318,0.9824,0.8218,0.8083,5
471281,2625.2109,904.7755,672.9673,0.9795,0.8593,0.8562,5
401863,2463.082,852.3126,617.6403,0.9818,0.8324,0.8393,5
466516,2517.989,859.3656,695.9106,0.9917,0.9246,0.8968,5
313775,2112.8359,761.2759,531.9149,0.9873,0.8833,0.8303,5
375249,2361.915,845.2822,571.5057,0.9784,0.8453,0.8177,5
410371,2472.636,905.2772,583.0439,0.9844,0.8435,0.7985,5
334390,2217.8301,802.2562,542.3231,0.9861,0.8543,0.8133,5
421946,2481.4951,897.4323,606.2374,0.9809,0.8611,0.8167,5
378125,2338.3799,826.2022,592.3029,0.9764,0.869,0.8398,5
452293,2540.5979,918.8098,628.7631,0.9902,0.8806,0.8259,5
339538,2261.261,727.2855,607.8656,0.9815,0.8344,0.9041,5
448634,2522.3091,906.9396,631.2845,0.9904,0.8861,0.8333,5
369382,2397.4419,819.9177,583.7723,0.9777,0.8076,0.8364,5
430797,2525.6411,933.526,595.9404,0.9752,0.8487,0.7934,5
403926,2464.7891,843.9724,625.0685,0.9678,0.8355,0.8497,5
350033,2232.9929,801.6467,558.6144,0.9872,0.8822,0.8328,5
362994,2338.2161,834.395,563.8201,0.9701,0.8343,0.8148,5
468855,2620.2681,918.2051,662.6828,0.9832,0.8581,0.8415,5
388951,2422.0439,781.0228,640.3862,0.9782,0.8332,0.901,5
329691,2811.9971,899.2563,475.1783,0.9651,0.5239,0.7205,6
334283,2307.666,868.3939,492.134,0.9803,0.7888,0.7513,6
346537,2315.5601,910.2367,486.0287,0.9851,0.8122,0.7298,6
345062,2668.8879,944.9453,468.3525,0.9694,0.6088,0.7015,6
332213,2502.166,887.0002,480.4225,0.9675,0.6668,0.7332,6
360895,2317.3181,879.8793,523.5499,0.986,0.8445,0.7704,6
261748,2147.834,843.7059,399.5622,0.9724,0.713,0.6842,6
272004,2183.8789,899.807,391.8441,0.9647,0.7167,0.654,6
310636,2172.677,799.2029,499.2812,0.9778,0.8269,0.7869,6
390161,2501.55,961.1851,518.9106,0.9819,0.7835,0.7333,6
1987,2289.3059,1222.723,2.2832,0.8804,0.0048,0.0411,6
324871,2196.303,817.7822,518.3866,0.9747,0.8463,0.7865,6
296641,2042.588,760.566,498.9828,0.9866,0.8935,0.808,6
315981,2314.436,923.5089,441.0663,0.9608,0.7413,0.6868,6
316348,2251.885,888.2238,461.0983,0.9827,0.7839,0.7145,6
307075,2120.0061,757.7748,517.7811,0.9861,0.8586,0.8252,6
342249,2263.8721,861.6223,507.2628,0.9805,0.8392,0.7661,6
319486,2155.209,811.8257,503.8588,0.9873,0.8643,0.7856,6
338159,2412.6431,885.6038,489.3434,0.966,0.73,0.7409,6
336865,2580.1411,882.9647,488.4337,0.9601,0.6359,0.7417,6
343471,2252.614,836.8517,533.9788,0.9752,0.8506,0.7902,6
305281,2094.0471,784.4472,497.3204,0.9875,0.8749,0.7948,6
343837,2401.0491,932.5298,474.1729,0.9685,0.7495,0.7095,6
368888,2340.272,900.6602,522.6354,0.99,0.8464,0.7609,6
304269,2135.521,799.3446,485.4948,0.9914,0.8384,0.7787,6
344693,2275.437,859.6257,513.2087,0.9834,0.8366,0.7707,6
329844,2263.136,830.3763,511.5652,0.9747,0.8093,0.7804,6
379392,2423.8159,923.5928,526.172,0.98,0.8115,0.7525,6
369552,2425.3091,907.0522,520.784,0.9777,0.7895,0.7562,6
348682,2230.7729,868.1721,514.5999,0.9939,0.8805,0.7675,6
333946,2397.759,899.7597,479.4367,0.9794,0.7299,0.7247,6
390524,2520.322,880.0991,570.349,0.9661,0.7726,0.8012,6
314958,2248.6421,868.9798,464.3831,0.9764,0.7827,0.7287,6
260563,1975.374,762.5055,437.851,0.9871,0.8391,0.7554,6
305013,2128.178,791.0696,492.8919,0.9855,0.8463,0.7878,6
309308,2247.3501,849.9919,470.8614,0.9662,0.7696,0.7383,6
292394,2104.054,786.5365,476.3308,0.979,0.83,0.7757,6
299508,2159.3999,831.4197,466.0862,0.9714,0.8071,0.7427,6
438181,2603.1021,946.6895,593.0048,0.9774,0.8126,0.789,6
306542,2415.4199,885.6404,446.5649,0.9659,0.6603,0.7054,6
298963,2119.7129,722.8275,544.2319,0.9424,0.8361,0.8536,6
341948,2344.6541,915.7393,480.3995,0.9747,0.7817,0.7205,6
266271,1979.91,765.7112,444.7476,0.9917,0.8536,0.7604,6
324322,2206.6931,836.2029,495.7765,0.986,0.837,0.7685,6
358061,2341.7161,898.2679,510.7881,0.9781,0.8205,0.7517,6
305436,2113.0339,785.2101,497.2452,0.9848,0.8596,0.7942,6
324333,2251.9519,872.6161,480.502,0.9786,0.8037,0.7364,6
363949,2395.4839,910.101,514.1874,0.9783,0.797,0.748,6
359736,2309.425,885.5075,519.3417,0.9869,0.8476,0.7643,6
346812,2241.5271,822.7707,541.0915,0.9836,0.8674,0.8077,6
291741,2173.8501,825.0677,453.8622,0.9622,0.7758,0.7387,6
285591,2033.105,769.5074,475.9642,0.9893,0.8682,0.7836,6
405080,2529.947,908.9462,572.9896,0.9643,0.7953,0.7901,6
324072,2286.123,910.458,458.4029,0.9674,0.7792,0.7055,6
417042,2416.6079,900.7124,591.0679,0.9916,0.8974,0.809,6
353934,2500.2959,1036.5886,444.3591,0.9426,0.7115,0.6476,6
396005,2696.511,1070.647,481.6583,0.9431,0.6844,0.6632,6
429984,2502.5491,919.503,597.7715,0.9896,0.8628,0.8047,6
314398,2301.7771,901.9976,449.2205,0.9603,0.7457,0.7014,6
406895,2607.74,942.4899,555.5389,0.972,0.7519,0.7637,6
301865,2105.5049,781.5297,494.9785,0.9891,0.8557,0.7933,6
287242,2113.79,813.7664,452.3801,0.9777,0.8079,0.7432,6
325494,2306.311,852.4514,502.0418,0.9389,0.769,0.7552,6
356651,2280.439,835.3093,546.3404,0.9889,0.8618,0.8067,6
348293,2552.9199,855.3557,526.3486,0.9701,0.6716,0.7785,6
390961,2480.5339,991.6502,505.0957,0.9847,0.7985,0.7115,6
265688,2372.804,888.2209,387.3163,0.9603,0.593,0.6548,6
371994,2623.8569,951.4442,502.8416,0.9679,0.679,0.7233,6
340970,2301.739,902.88,483.9293,0.9895,0.8087,0.7298,6
330662,2226.217,852.117,495.9751,0.9801,0.8384,0.7615,6
379834,2640.3721,937.067,524.6108,0.9692,0.6847,0.7421,6
354939,2431.9409,902.0753,504.1099,0.9701,0.7541,0.7452,6
376345,2531.1399,876.8118,553.4316,0.9688,0.7382,0.7895,6
348611,2413.0229,902.8517,498.4926,0.9357,0.7524,0.7379,6
318189,2250.4331,848.323,483.1063,0.9784,0.7895,0.7503,6
342189,2271.408,864.2709,505.7227,0.9828,0.8335,0.7637,6
350325,2386.7781,963.5161,465.2725,0.9867,0.7728,0.6932,6
346091,2297.6211,897.7186,496.3939,0.9896,0.8238,0.7395,6
275863,2157.9819,886.1564,400.3563,0.9792,0.7444,0.6688,6
376776,2534.9299,964.1249,506.2896,0.9753,0.7368,0.7184,6
357359,2419.9121,913.3724,501.1158,0.9761,0.7669,0.7385,6
363778,2324.1609,857.509,541.6883,0.9859,0.8463,0.7937,6
352817,2468.679,898.7985,505.8577,0.9407,0.7275,0.7457,6
350607,2425.6589,916.2908,494.7873,0.9612,0.7488,0.7292,6
333356,2242.688,880.4042,483.8072,0.9834,0.8329,0.74,6
359297,2564.9961,931.986,495.4669,0.9623,0.6863,0.7257,6
315682,2219.7009,832.1495,487.2321,0.9789,0.8051,0.7619,6
353128,2372.927,936.3535,482.3184,0.9823,0.7881,0.7161,6
316583,2338.8291,837.3405,488.8563,0.9648,0.7273,0.7582,6
338426,2288.4929,898.1483,484.7289,0.983,0.812,0.7309,6
349290,2386.824,930.0695,482.6588,0.9736,0.7705,0.717,6
389431,2594.9729,936.1578,538.0767,0.9586,0.7267,0.7522,6
306975,2306.0681,903.5196,446.9451,0.9443,0.7254,0.6919,6
400224,2554.7119,915.1979,563.0368,0.9585,0.7706,0.78,6
322879,2275.9231,876.8048,473.0537,0.9737,0.7833,0.7313,6
320184,2268.2141,854.9136,488.2705,0.9747,0.7821,0.7468,6
308867,2263.426,922.5724,431.2169,0.9867,0.7576,0.6797,6
379575,2457.2781,911.2972,536.4752,0.9704,0.7899,0.7629,6
357334,2371.709,915.1829,499.5417,0.972,0.7983,0.737,6
295382,2141.585,836.4148,452.4544,0.9736,0.8093,0.7332,6
337999,2342.979,946.6573,459.5275,0.9799,0.7737,0.693,6
382630,2509.5149,999.2378,491.9224,0.9644,0.7635,0.6985,6
378755,2462.074,936.0067,520.477,0.9813,0.7852,0.7419,6
335932,2267.6841,881.6727,489.0849,0.9777,0.8209,0.7418,6
300103,2210.627,881.5925,438.5843,0.9662,0.7717,0.7012,6
336558,2423.491,850.3224,507.3458,0.9651,0.7201,0.7698,6
310788,2274.5811,860.0978,463.9492,0.9557,0.7549,0.7314,6
424101,2611.3301,1009.0076,539.5266,0.9756,0.7815,0.7283,6
326996,2447.4109,852.5339,494.461,0.9681,0.686,0.7569,6
384998,2386.5979,942.1682,521.4256,0.9904,0.8494,0.7431,6
376389,2409.259,941.2642,509.9813,0.9852,0.8149,0.7355,6
369053,2355.499,924.204,510.8777,0.9882,0.8359,0.7417,6
342828,2287.8721,844.0139,520.2556,0.9639,0.823,0.7828,6
367743,2319.2041,909.394,517.7361,0.9925,0.8592,0.7524,6
396837,2555.075,982.9867,518.2283,0.9768,0.7639,0.7231,6
276472,2094.603,769.9008,462.089,0.9778,0.7919,0.7706,6
321037,2208.8621,886.9792,463.216,0.9898,0.8269,0.7208,6
329750,2236.6001,887.1417,474.9108,0.9913,0.8284,0.7304,6
359590,2390.23,962.7033,478.9148,0.984,0.7909,0.7029,6
367307,2557.634,930.2054,506.424,0.9774,0.7056,0.7352,6
331115,2316.8181,844.9014,503.534,0.9495,0.7752,0.7685,6
348793,2331.863,908.0755,499.5217,0.9678,0.8061,0.7339,6
367332,2357.595,904.4373,520.1105,0.9868,0.8305,0.7561,6
424394,2710.5901,1040.5283,524.012,0.9763,0.7259,0.7065,6
291190,2207.376,786.9467,477.844,0.9722,0.751,0.7737,6
298760,2184.9109,842.4735,453.8198,0.9871,0.7864,0.7321,6
382402,2575.439,914.6583,536.5853,0.9525,0.7245,0.7629,6
317955,2282.6021,857.2585,477.4725,0.9737,0.7669,0.7422,6
401589,2412.8311,841.7765,609.9025,0.9775,0.8668,0.8495,6
338610,2722.6831,893.1884,491.8964,0.9451,0.574,0.7351,6
373834,2328.502,857.2696,556.9949,0.9851,0.8664,0.8048,6
391376,2544.783,897.7682,557.4372,0.965,0.7595,0.7863,6
310795,2429.0669,878.1395,455.6671,0.966,0.6619,0.7164,6
364607,2297.5901,813.4385,573.2492,0.9806,0.8679,0.8376,6
325380,2254.8821,863.1747,483.1501,0.9708,0.8042,0.7457,6
343379,2360.467,919.113,479.2314,0.9657,0.7744,0.7194,6
298236,2200.0559,868.1497,444.6231,0.9761,0.7743,0.7098,6
307420,2221.959,867.9562,457.0818,0.9758,0.7825,0.7208,6
364261,2588.145,987.3378,478.3656,0.9535,0.6834,0.6898,6
387240,2410.8999,920.8607,539.2838,0.9793,0.8372,0.7625,6
351580,2424.6331,914.5834,494.2882,0.9741,0.7515,0.7315,6
318125,2211.4131,838.0247,496.6458,0.9509,0.8175,0.7594,6
325847,2354.845,853.3223,491.4482,0.962,0.7384,0.7548,6
417499,2586.47,1001.9357,534.8173,0.9761,0.7842,0.7277,6
299458,2141.3279,841.7073,456.2444,0.9834,0.8207,0.7336,6
364617,2623.2151,871.7518,540.7759,0.9742,0.6659,0.7816,6
354060,2492.134,871.677,525.1666,0.9562,0.7164,0.7703,6
362684,2407.593,925.5394,506.546,0.9564,0.7863,0.7342,6
310190,2223.6509,862.0129,464.774,0.9768,0.7883,0.729,6
333850,2349.7009,845.816,509.6266,0.9596,0.7599,0.7708,6
306371,2160.9741,795.8485,498.9199,0.9746,0.8244,0.7848,6
282259,2100.0061,808.4828,446.3885,0.9853,0.8043,0.7415,6
291259,2136.6079,825.5577,452.6159,0.9802,0.8018,0.7376,6
362960,2485.04,932.6669,505.3012,0.956,0.7386,0.7289,6
370661,2404.842,953.9807,498.8006,0.9802,0.8054,0.7201,6
370687,2481.958,917.0978,521.7222,0.9757,0.7562,0.7491,6
361058,2397.439,904.1469,513.4807,0.977,0.7894,0.7499,6
334863,2282.0659,872.7985,490.8819,0.9816,0.808,0.7481,6
289774,2146.249,812.8783,462.5508,0.979,0.7905,0.7472,6
310151,2237.895,812.6631,491.8975,0.9741,0.7782,0.7733,6
277447,2027.295,798.4498,444.0995,0.988,0.8483,0.7444,6
287291,2121.5859,836.7213,440.0023,0.9798,0.8021,0.7228,6
326670,2259.6599,888.6778,471.2458,0.9694,0.804,0.7257,6
297174,2155.959,779.7753,488.4755,0.9716,0.8034,0.7888,6
305032,2311.6509,861.9067,455.7622,0.954,0.7173,0.723,6
304948,2185.3789,829.9847,473.5959,0.9763,0.8024,0.7508,6
309025,2163.1311,831.9025,477.1172,0.9812,0.8299,0.754,6
276143,2079.627,820.3309,432.2186,0.9802,0.8024,0.7228,6
338914,2247.1541,868.6652,498.7621,0.9877,0.8434,0.7562,6
355763,2424.814,990.7361,458.7359,0.9835,0.7604,0.6793,6
391450,2479.239,892.5263,560.6314,0.9846,0.8003,0.791,6
304684,2173.7949,890.8111,437.7785,0.9891,0.8103,0.6992,6
283770,2096.7639,775.8751,468.8516,0.9737,0.8111,0.7747,6
275775,2000.7679,723.755,488.6776,0.9792,0.8657,0.8187,6
286603,2058.97,782.1415,469.3111,0.9843,0.8496,0.7723,6
326090,2386.698,803.0966,519.4846,0.9727,0.7194,0.8023,6
272635,2195.2859,776.0174,450.5913,0.9776,0.7109,0.7592,6
337948,2288.22,884.1144,492.5711,0.9849,0.8111,0.7419,6
347931,2379.052,949.2151,468.3536,0.9817,0.7725,0.7012,6
296161,2355.0471,884.1443,429.3063,0.9748,0.671,0.6945,6
361867,2681.0071,909.2697,510.2585,0.9594,0.6326,0.7465,6
283096,2134.1521,842.0992,431.0886,0.9777,0.7811,0.7129,6
282651,2115.1909,849.2612,427.8779,0.9835,0.7939,0.7064,6
382243,2515.0081,983.1814,498.3077,0.976,0.7594,0.7096,6
328626,2411.4719,878.9201,485.9003,0.9425,0.7101,0.736,6
351367,2301.5859,875.3801,513.9609,0.9842,0.8335,0.7641,6
306787,2205.3831,851.6366,461.404,0.9737,0.7926,0.7339,6
354813,2323.3391,908.402,502.3913,0.9804,0.826,0.7399,6
326893,2297.4441,889.015,473.2075,0.9709,0.7783,0.7257,6
335351,2445.8889,976.2505,441.572,0.9622,0.7044,0.6693,6
288470,2170.512,916.8247,406.8782,0.9822,0.7695,0.661,6
347731,2383.332,952.7579,471.4235,0.9711,0.7693,0.6984,6
266928,2126.3701,798.1915,433.349,0.9638,0.7419,0.7304,6
290186,2331.5811,912.2787,424.2137,0.9255,0.6708,0.6663,6
333228,2300.667,856.532,500.6767,0.9812,0.7911,0.7605,6
320409,2200.635,861.2217,477.5822,0.9749,0.8314,0.7416,6
321312,2204.2451,888.2299,464.3716,0.9873,0.831,0.7201,6
340479,2652.927,998.5767,442.5258,0.9432,0.6079,0.6594,6
356344,2462.323,886.2712,521.8904,0.9594,0.7386,0.76,6
272029,1927.442,700.212,497.2475,0.9908,0.9202,0.8405,7
328825,2226.321,845.2898,520.5521,0.9565,0.8337,0.7655,7
378039,2343.229,902.627,535.519,0.9889,0.8652,0.7686,7
324530,2168.541,805.7068,514.7833,0.9883,0.8672,0.7978,7
332254,2172.4651,829.761,513.4503,0.993,0.8847,0.7839,7
247036,1961.302,694.0135,524.4564,0.8834,0.807,0.8081,7
243353,1853.187,664.4248,469.841,0.9893,0.8904,0.8378,7
209193,1761.806,622.2163,446.4828,0.9492,0.8469,0.8294,7
276444,2005.511,793.3969,445.7533,0.9913,0.8637,0.7478,7
351763,2293.7791,878.5163,513.9243,0.9843,0.8401,0.7618,7
261345,1920.686,735.1219,454.3767,0.9933,0.8902,0.7847,7
306831,2101.9919,790.1249,496.5371,0.9884,0.8727,0.7911,7
243025,1855.1949,670.8918,463.4907,0.9878,0.8873,0.8291,7
310359,2138.5901,838.097,472.3667,0.9892,0.8527,0.7501,7
259098,1871.046,672.9703,494.7143,0.9935,0.93,0.8535,7
365088,2249.6321,863.308,541.9211,0.9916,0.9065,0.7897,7
308938,2105.4199,789.2784,502.5179,0.9833,0.8758,0.7946,7
332079,2135.427,808.1102,525.323,0.9964,0.9151,0.8046,7
240537,1967.1281,718.0688,487.6316,0.8776,0.7811,0.7707,7
255422,1882.9041,710.4493,461.1236,0.9955,0.9053,0.8027,7
196561,1697.087,631.0634,400.5577,0.9833,0.8576,0.7927,7
269740,1951.873,759.0534,453.6415,0.9946,0.8897,0.7721,7
343082,2286.1189,926.7311,484.092,0.9779,0.8249,0.7132,7
258106,1893.702,729.0965,452.9291,0.9938,0.9045,0.7863,7
289876,2087.52,818.5771,453.4831,0.9878,0.8359,0.7422,7
253517,1860.3199,672.4048,483.49,0.9912,0.9205,0.8449,7
313487,2115.344,753.2776,532.3475,0.9861,0.8804,0.8387,7
336724,2196.658,784.414,573.6385,0.9573,0.8769,0.8347,7
293477,2039.6071,766.5217,490.2007,0.9925,0.8865,0.7975,7
355294,2266.9509,870.8358,521.8104,0.9887,0.8688,0.7723,7
285626,2061.635,785.1763,465.285,0.9875,0.8445,0.768,7
363370,2249.0371,793.2402,586.2938,0.993,0.9027,0.8575,7
342830,2196.917,797.9894,549.5345,0.993,0.8926,0.8279,7
318719,2222.4399,826.2077,520.563,0.9409,0.8109,0.771,7
248888,1939.901,701.8555,453.7137,0.9784,0.8311,0.8021,7
240328,1953.7419,644.4176,513.0257,0.9014,0.7912,0.8584,7
323238,2263.3049,827.1309,542.2946,0.9205,0.793,0.7756,7
253875,1997.355,747.1664,502.6085,0.9118,0.7997,0.7609,7
273905,2009.04,701.0014,503.6558,0.9722,0.8528,0.8424,7
273895,2008.311,721.5966,486.044,0.9862,0.8534,0.8184,7
266662,1982.204,760.303,464.9061,0.9669,0.8529,0.7664,7
325346,2196.3879,836.8861,501.7307,0.9734,0.8475,0.7691,7
265078,1959.991,706.0493,491.0711,0.9681,0.8671,0.8228,7
232956,1941.686,690.3647,464.7091,0.9146,0.7765,0.7889,7
317794,2280.969,875.5868,525.338,0.9016,0.7676,0.7265,7
326358,2116.1909,760.83,548.6188,0.9909,0.9158,0.8473,7
327911,2156.5811,786.681,535.171,0.9884,0.886,0.8214,7
304474,2109.019,800.2658,485.959,0.9885,0.8602,0.778,7
331374,2177.7839,822.1873,516.5453,0.9878,0.878,0.79,7
296101,2069.2051,772.6999,493.0547,0.9812,0.869,0.7946,7
315524,2139.259,777.8326,519.9553,0.9839,0.8664,0.8149,7
297687,2056.9331,756.6042,504.0089,0.9885,0.8842,0.8137,7
275854,1941.407,690.539,512.5972,0.991,0.9197,0.8582,7
216849,1730.665,642.5626,431.9132,0.9918,0.9098,0.8177,7
262586,1982.464,678.1152,519.9161,0.9122,0.8396,0.8527,7
210586,1811.012,654.7697,415.6927,0.9667,0.8069,0.7908,7
212397,1773.141,649.371,418.6798,0.9773,0.8489,0.8008,7
223523,1857.668,681.8671,473.7249,0.899,0.8139,0.7824,7
321388,2174.022,833.3666,495.1312,0.985,0.8545,0.7676,7
375569,2377.7141,953.837,504.36,0.9897,0.8348,0.725,7
228916,1766.642,637.0115,460.6281,0.9912,0.9217,0.8475,7
220062,1879.042,680.3406,465.7903,0.8845,0.7832,0.778,7
326826,2215.4141,803.9762,526.0378,0.9737,0.8368,0.8024,7
237022,1848.2061,683.0206,445.617,0.9836,0.872,0.8043,7
306521,2106.093,713.1732,554.9265,0.9756,0.8684,0.876,7
283888,2076.377,772.6867,496.8922,0.9376,0.8275,0.7781,7
294428,2022.094,716.1476,528.4319,0.9872,0.9049,0.855,7
242972,1830.124,650.916,476.3255,0.9905,0.9116,0.8545,7
268142,1989.489,747.3624,467.567,0.9744,0.8513,0.7818,7
233918,1926.46,689.4012,493.188,0.8909,0.7921,0.7916,7
222233,1812.683,650.1162,437.5476,0.9779,0.8499,0.8182,7
210197,1790.522,640.6564,422.1224,0.9687,0.8239,0.8075,7
324044,2162.4221,818.4114,508.6661,0.9901,0.8708,0.7848,7
239741,1841.7939,686.2008,446.7934,0.9929,0.8881,0.8051,7
237986,1992.689,759.7626,468.2187,0.8739,0.7532,0.7245,7
376000,2405.4141,952.5737,506.6357,0.9826,0.8166,0.7264,7
364338,2385.511,849.6287,548.4377,0.9874,0.8045,0.8016,7
308051,2090.377,761.1531,519.0694,0.9875,0.8859,0.8228,7
303347,2094.3931,740.3585,525.1052,0.9735,0.869,0.8394,7
249697,1902.502,694.4902,460.7358,0.9898,0.8669,0.8119,7
291841,2018.3459,735.3645,508.7705,0.9904,0.9003,0.8289,7
311275,2097.01,778.6296,510.3182,0.9925,0.8895,0.8085,7
259258,1978.4659,723.0809,466.3064,0.9798,0.8323,0.7946,7
373627,2634.644,860.8875,555.6307,0.9715,0.6764,0.8012,7
242092,1875.025,700.394,441.3842,0.993,0.8653,0.7927,7
221306,1836.3361,698.2211,425.5484,0.9553,0.8247,0.7603,7
346353,2324.49,840.6997,527.3477,0.9758,0.8055,0.7899,7
283636,2036.349,751.853,482.4856,0.9819,0.8595,0.7993,7
313194,2095.9231,769.103,519.8459,0.9905,0.8959,0.8211,7
255403,1925.365,691.8453,477.1796,0.9785,0.8658,0.8243,7
365924,2664.823,855.4633,551.5447,0.9466,0.6475,0.7979,7
254330,1926.736,747.4943,435.6219,0.9925,0.8609,0.7613,7
238955,1906.2679,716.6485,441.8297,0.9604,0.8263,0.7697,7
343792,2289.272,823.8438,534.7757,0.9781,0.8243,0.8031,7